translated,Negative Score,Positive Score,Neutral Score,Compound Score,Overall Sentiment
The work creation law is considered to have a positive impact on the Indonesian economy after the pandemic,0,0.275,0.725,0.6908,Positive
"To support the government's work paperwork, we are asked to focus on compiling permits",0,0.172,0.828,0.4019,Positive
uu create work,0,0.512,0.488,0.2732,Positive
please think about how people who disagree with the new uu kpk continue to use uu,0.138,0.122,0.741,-0.0772,Negative
work creations are able to encourage investment and provide people with faster services,0,0.349,0.651,0.7096,Positive
uu create work in no way merukigan workers or workers tri sasono,0.154,0.147,0.699,-0.0258,Neutral
work creation law is able to encourage investment,0,0.474,0.526,0.6597,Positive
"After the working copyright law and its derivative regulations are completed, the Ministry is now in charge of making technical regulations",0,0,1,0,Neutral
btw related to formal and material testing to mk u cancel the omnibus law also include the facts of police movement,0.095,0,0.905,-0.25,Negative
The work copyright law does not at all harm the work of the omnibuslaw workers to have a good effect,0,0.253,0.747,0.6956,Positive
The benefits of creating work,0,0.615,0.385,0.5859,Positive
The blessing of the work creation is optimistic the economy is recovering omnibuslaw has a good impact,0,0.467,0.533,0.8591,Positive
Jokowi cries out for hating foreign products Director elsei is not in sync with the work copyright n,0.286,0,0.714,-0.7184,Negative
uu copyright advanced Indonesian work,0,0.333,0.667,0.25,Positive
Ecosystem restoration in the work of advanced Indonesians,0,0.222,0.778,0.25,Positive
the government protects oil palm through advanced Indonesian work laws,0,0.35,0.65,0.5106,Positive
"damn, why is it that I get to raise the issue of work creation, it is better to collect theoretical material than the big cases, now hikssss",0.088,0.163,0.749,0.3182,Positive
work creation law is present as a solution to improve the welfare of laborers in Indonesia,0,0.378,0.622,0.743,Positive
The work creation paper is present as a solution to improving the national economy in the midst of the Covid pandemic,0,0.298,0.702,0.7351,Positive
working paperwork can increase investment,0,0.365,0.635,0.3182,Positive
uu create jobs protect local labor and limit the use of tka,0,0.32,0.68,0.5719,Positive
The danger has now become real after the official pack removed faba as a waste in the derivative rules of copyright,0.256,0,0.744,-0.7351,Negative
benefits uu create work open job to ease try mendinglokalaja,0,0.507,0.493,0.7351,Positive
uu create work in no way to the detriment of workers or laborers neverendingonethestory,0.135,0.129,0.736,-0.0258,Neutral
the primary cooperative establishment groove is formed by at least nine persons in accordance with uu tent years,0,0,1,0,Neutral
uu cipta kerja rakyat sejahteraaa ruanggurugiveaway,0,0,1,0,Neutral
Let's get the vaccine to work to help the economy and umkm recovery,0,0.184,0.816,0.4019,Positive
uu create work to accelerate the national economic recovery program,0,0.189,0.811,0.2732,Positive
"Let's get vaccines, the leading cluster in work creation is the investment cluster",0,0.149,0.851,0.2732,Positive
The work law guarantees severance pay for workers affected by layoffs,0.25,0,0.75,-0.25,Negative
taxation of wna op spdn op after work copyright law,0,0,1,0,Neutral
Islamic banks get the blessings of the work copyright,0,0.304,0.696,0.5423,Positive
uu copyright work to accelerate Indonesia's economic recovery,0,0,1,0,Neutral
with the creation of work to make workers and laborers prosperous,0,0.366,0.634,0.6369,Positive
dr uu kpk rkuhp smpe the work of the Indonese is only noisy at the beginning of the prayer,0.086,0,0.914,-0.1779,Negative
uu copyright work to accelerate the recovery of the national economy,0,0,1,0,Neutral
uu create jobs for the advanced Indonesian economy uuciptakerja,0,0.369,0.631,0.4767,Positive
whether this factual case has been accommodated in the work creation either conceptually or technically,0,0.13,0.87,0.2732,Positive
"The leading cluster in work creation is the vaccine investment cluster, let's go",0,0.149,0.851,0.2732,Positive
"The work creation aims to build and prosper the vaccine society, guys",0,0.16,0.84,0.2732,Positive
"The omnibus law work aims to build and prosper the vaccine community, guys",0,0,1,0,Neutral
u copyright work is important but let's get vaccines,0,0.167,0.833,0.1027,Positive
"To create a work to help restore the economy and get vaccines, let's go",0,0.412,0.588,0.7184,Positive
uu create work tightening permits to transfer land functions,0,0.208,0.792,0.2732,Positive
work creation helps the recovery of the advanced Indonesian economy,0,0.489,0.511,0.6908,Positive
blessings uu create optimistic work the economy recovers,0,0.612,0.388,0.7845,Positive
this is the answer to djp,0,0,1,0,Neutral
"The work copyright law was created by the government to help public entrepreneurs so that their businesses can get a vaccine, let's go, guys",0,0.183,0.817,0.5719,Positive
unemployment began to decrease with the existence of work laws,0.244,0,0.756,-0.4404,Negative
"That's right, that's also what created the free labor market",0,0.398,0.602,0.6486,Positive
the leading cluster in work creation is the investment cluster because the money from investors will be used for,0,0.104,0.896,0.2732,Positive
Let's get the vaccine to create work to help restore the economy and umkm,0,0.389,0.611,0.7184,Positive
"The work invention helps in the recovery of the vaccine economy, let's go",0,0.178,0.822,0.3818,Positive
"The existence of a work copyright helps in restoring the economy as well as vaccines, let's go",0,0.347,0.653,0.7096,Positive
Jokowi officially signed a pp derivative of the work of pkwt workers that can be contracted until the minds of the people,0,0,1,0,Neutral
let's get the vaccine for the superior cluster in work creation is an investment,0,0.318,0.682,0.6808,Positive
uu create work to help entrepreneurs umkm vaccine yuk gaes,0,0.375,0.625,0.5859,Positive
a work copyright was created by the government to help public entrepreneurs so that their businesses can develop vaccines,0,0.227,0.773,0.5719,Positive
"The government created a work copyright law to help general vaccine entrepreneurs, guys",0,0.32,0.68,0.5719,Positive
"The government has created a work copyright to help umkm entrepreneurs and help restore the economy of vaccines, guys",0,0.407,0.593,0.8225,Positive
"Let's get vaccines, the leading cluster in work creation is the investment cluster",0,0.149,0.851,0.2732,Positive
the leading cluster in work creation is the investment cluster because the money from investors will be used to make money,0,0.095,0.905,0.2732,Positive
"Let's get vaccines, the spirit of creating work really helps the national economy and umkm recovery",0,0.343,0.657,0.6997,Positive
let's get the vaccine investment cluster in work creation,0,0.208,0.792,0.2732,Positive
let's get the vaccine to work will help in economic recovery,0,0.213,0.787,0.4019,Positive
the leading cluster in work creation is the investment cluster because the money from investors will be used,0,0.11,0.89,0.2732,Positive
The government created a work copyright to help public entrepreneurs so that their businesses can revive vaccines,0,0.353,0.647,0.7269,Positive
"Let's get vaccines, we have to know that the investment cluster is the superior cluster in the creative paper",0,0.274,0.726,0.7506,Positive
"The working paper was made to help economic recovery and the general progress of the vaccine, guys",0,0.268,0.732,0.6705,Positive
Let's get vaccines re-clustering in a working paperwork is a very useful investment cluster for eco-recovery,0,0.197,0.803,0.4927,Positive
"The leading cluster in work creation is the vaccine investment cluster, let's go",0,0.149,0.851,0.2732,Positive
Let's get the vaccine to work to help the economy and umkm recovery in Indonesia,0,0.162,0.838,0.4019,Positive
"The leading cluster in work creation is the investment cluster that has increased vaccines, guys",0,0.244,0.756,0.4939,Positive
"work creation to help economic and public recovery and vaccines, let's go",0,0.324,0.676,0.5859,Positive
"Support immediately legalize the copyright work in vaccines, let's not get the Corona off",0,0.172,0.828,0.4019,Positive
"the work copyright law helps restore the economy and vaccine umkm, let's go",0,0.304,0.696,0.5859,Positive
The government continues to make policy policies to restore Indonesia's economic condition to existence,0,0.145,0.855,0.296,Positive
Jokowi cries out for hating foreign products Director elsei is not in sync with the work copyright,0.286,0,0.714,-0.7184,Negative
"those who preach are still preaching who are giving alms, still giving charity which is critical even though the krutis is full of risks",0.142,0.245,0.613,0.4939,Positive
the key to work creation is to build a developed Indonesian economy,0,0.174,0.826,0.2732,Positive
work creativity becomes a vitamin to restore the advanced Indonesian economy,0,0.6,0.4,0.7906,Positive
Derivative rules for working copyright are added forward indensia,0,0,1,0,Neutral
the main goal of the work of advanced Indonesian creations,0,0.365,0.635,0.5574,Positive
This is the benefit of developing advanced Indonesian work,0,0.417,0.583,0.6124,Positive
cut bureaucracy with advanced Indonesian work rules,0.231,0.22,0.549,-0.0258,Neutral
"President Joko Widodo issued coal ash from the category of hazardous and toxic waste, the stipulation was determined",0.132,0.113,0.755,-0.1027,Negative
aaji will submit a test of the uu pph material that was changed to work copyright,0,0,1,0,Neutral
aaji will submit a test of the modified uu pph material uu created the work,0,0.133,0.867,0.25,Positive
follow the uu whether you are not aware or do not experience that the law works,0,0,1,0,Neutral
work paperwork exists as a solution to reduce unemployment in Indonesia,0.22,0.174,0.606,-0.1531,Negative
support copyright work work work,0,0.403,0.597,0.4019,Positive
support uu copyright omnibuslaw work has a good effect,0,0.483,0.517,0.6808,Positive
uu create work opens up a wide range of jobs uuciptakerja,0,0.189,0.811,0.2732,Positive
the benefits of work creation in the transportation sector for work,0,0.343,0.657,0.5719,Positive
work creation can be a work solution,0,0.524,0.476,0.5267,Positive
work copyright must be supported by work paper,0,0.247,0.753,0.3182,Positive
Jokowi legalizes coal waste rocky grunts to create an umbrella for oligarchic deviation,0.176,0.132,0.692,-0.1779,Negative
uu create work to accelerate economic recovery programs,0,0.231,0.769,0.2732,Positive
The benefits of creating work,0,0.615,0.385,0.5859,Positive
the official attitude of the general board of nahdlatul ulama related to the confirmation of the creation of work,0,0.104,0.896,0.2732,Positive
I think it's just a doo who thinks work creation is a serious thing,0.105,0.169,0.726,0.2023,Positive
again vc and keep quiet ncdido tell me what was the fun,0,0.231,0.769,0.5106,Positive
"the refusal of the perpres of alcohol is worse than losing, even committing suicide",0.474,0.06,0.465,-0.872,Negative
uu create work for a prosperous indonesia jkwwujudmimpi gantigabener gantigabener,0,0.426,0.574,0.6369,Positive
uu create jobs help economic recovery and umkmuu create jobs help economic recovery and umkm,0,0.466,0.534,0.8225,Positive
steady work creation in the transportation sector to make the dream come true,0,0.408,0.592,0.7096,Positive
Contract employee compensation money when the contract expires,0,0,1,0,Neutral
the work copyright law increases social security for workers,0,0.231,0.769,0.34,Positive
work creation will cut the bureaucracy that complicates investment and business,0.159,0.159,0.682,0,Neutral
Failure to raise electability through action against work creation is now attacking Jokowi's government,0.325,0.108,0.567,-0.6369,Negative
fight hoaxes and provocative content about work creations for the recovery of the national economy,0.143,0.143,0.714,0,Neutral
very clear evidence of how the rulers and politicians look down on their country is the creation of creative works,0,0.317,0.683,0.7841,Positive
support work copyright law,0,0.474,0.526,0.4019,Positive
this responds to the government's steps in following up the work draft of the Ministry of Public Works and,0,0,1,0,Neutral
ombudsman ri responded to forestry sector regulations after the enactment of the work copyright law by enacting uu no,0.109,0,0.891,-0.296,Negative
"The waste of coal and palm oil is not included in the Walhi category, which is what we are worried about from the work draft",0.179,0,0.821,-0.6124,Negative
selling fast and selling cheap has long been going on in the era of sby selling cheap was done with the mpei policy in the era,0,0,1,0,Neutral
empowerment steps in derivative rules of work copyright,0,0,1,0,Neutral
the intention of the heart to give the idea of ​​a president actually threatens the future of the next generation of mel,0.11,0,0.89,-0.3818,Negative
then we all asked what for and for whom the pp was assigned and again we questioned what for,0.072,0,0.928,-0.1027,Negative
The Ministry of Communication and Informatics considers that the implementation of the work draft of the broadcast migration article can boost economic growth,0,0.202,0.798,0.6486,Positive
"In the derivative regulation, coal waste in the form of fly ash and bottom ash faba is removed from category l",0.128,0,0.872,-0.4215,Negative
in the derivative regulation uu cipta of the work the coal waste in the form of fly ash and bottom ash faba is removed from,0.104,0,0.896,-0.4215,Negative
The work copyright law will reduce the occurrence of omnibuslaw dismissals with a good effect,0,0.182,0.818,0.4404,Positive
the economy is deteriorating due to the pandemic of work law is here to overcome that all omnibuslaw is having a good effect,0,0.121,0.879,0.4404,Positive
"In fact, the workers will feel helped by the existence of an omnibuslaw work that has a good effect",0,0.146,0.854,0.4404,Positive
"about the direction of the PPH policy in this work copyright, said the expert",0,0,1,0,Neutral
"stop provocation, first read the facts of the benefits of omnibuslaw from copyright",0.139,0.165,0.696,0.1027,Positive
"through the law, the work of agrarian reform can run more optimally",0,0.191,0.809,0.3804,Positive
work creation law can make business easier,0,0.495,0.505,0.5994,Positive
business licensing reform with work copyright,0,0,1,0,Neutral
let's together we support the work copyright omnibus law,0,0.252,0.748,0.4019,Positive
"about the direction of pph policy in this work copyright, said the expert",0,0,1,0,Neutral
ombudsman ri responded to forestry sector regulations after the enactment of the work copyright law by enacting it,0,0,1,0,Neutral
"According to the law faculty, work creation ignores social justice and environmental sustainability",0.119,0.312,0.568,0.5267,Positive
a work copyright law can get ri out of the middle income trap,0.173,0,0.827,-0.3182,Negative
business establishment made easier due to the purpose of work creation to create new jobs,0,0.368,0.632,0.7184,Positive
maybe you also need to make a thread about how the party in the coalition is also mema,0,0.144,0.856,0.4019,Positive
"As with waste management, technology and a qualified tbsp",0.286,0,0.714,-0.4215,Negative
Indonesia's economy began to improve with the passage of work copyright laws,0,0.209,0.791,0.4404,Positive
"ooh that's how it was all this time I was just thinking negatively, all in China what about the silk route uu copyright work dsxf xf x x",0,0,1,0,Neutral
the essence of mpei amp u create work selling fast & cheap,0,0.189,0.811,0.2732,Positive
Perpres no year derivative of work copyright law allows investors to hunt for Indonesia's underwater treasures means an iz,0.1,0.127,0.773,0.1531,Positive
Perpres no. year derivative of work copyright allows investors to hunt for Indonesia's underwater treasures na,0.116,0.147,0.737,0.1531,Positive
very clear evidence of how the rulers and politicians look down on their country is the creation of a work creation,0,0.294,0.706,0.7264,Positive
both in material and formal terms the work copyright is contrary to the law and therefore will be canceled,0,0,1,0,Neutral
the face of ultra anthropocentrism is in omnibuslaw or work creation,0,0.174,0.826,0.2732,Positive
The work law guarantees certainty of severance pay for workers affected by termination of employment,0.176,0.118,0.706,0,Neutral
I forgot earlier that one hundred percent of us could also use material testing to mk because the contents of ay were clear,0,0.11,0.89,0.3818,Positive
uu job creation adds security to the labor force,0,0.391,0.609,0.5423,Positive
jointly support the work creation to eradicate poverty,0.252,0.366,0.382,0.128,Positive
Government regulations to remove palm oil and coal waste are derivatives of work proposed and supported by the proposer,0.127,0.104,0.769,-0.128,Negative
implementation of laws uu copyright work article migration broadcasting from terrestrial to digital or analog switches,0,0,1,0,Neutral
Government regulations to remove palm oil and coal waste are derivatives of work proposed and supported by,0.139,0.114,0.746,-0.128,Negative
The omnibus law on work copyright can be a solution in dealing with the difficulties of the global economy due to the Covid pandemic treatment,0.083,0.087,0.83,0.0258,Neutral
now business permits are easier with uu create work,0,0.412,0.588,0.5994,Positive
I just gave one source maybe you can find more,0,0,1,0,Neutral
The establishment of a business is made easier because the purpose of the work creation is to create jobs,0,0.318,0.682,0.7184,Positive
business establishment made easier because the purpose of work creation is to create steady job performance,0,0.35,0.65,0.7184,Positive
work creation to support a better business climate,0,0.658,0.342,0.7717,Positive
"Well, guys, don't worry about making a business easier because the purpose of the work copyright is to create",0,0.402,0.598,0.8129,Positive
"fiqih Imam Syafii really, how do you create work there at dawn Yuri gagarin brick t",0,0.13,0.87,0.2732,Positive
"fiqh Imam Syafii really, how do you create work at dawn, Yuri doesn't work",0,0.139,0.861,0.2732,Positive
even if the establishment of a business is made easier because the purpose of the work creation is to create jobs,0,0.292,0.708,0.7184,Positive
This work copyright will later support a better business climate,0,0.444,0.556,0.6808,Positive
The establishment of a business has been made easier because the purpose of the work creation law is to create jobs,0,0.292,0.708,0.7184,Positive
government steps in completing implementing regulations of the uu number year on work copyright law,0,0.085,0.915,0.0772,Positive
The work creation law is indeed to simplify various rules and also the bureaucratic spirit is welcomed by it,0,0.279,0.721,0.6369,Positive
PP as an implementation of work copyright is currently seen as accommodating the interests of the business world in the land relatively,0,0.087,0.913,0.25,Positive
The establishment of a business is made easier because the purpose of work creation is to create jobs,0,0.333,0.667,0.7184,Positive
efforts to establish a business are made easier because of the purpose of work creation to create wide employment opportunities,0,0.39,0.61,0.8225,Positive
business establishment made easier because the purpose of the work creation is to create jobs,0,0.368,0.632,0.7184,Positive
uud nri nmk will then issue a decision that the work copyright automatically does not have a,0,0,1,0,Neutral
submit the formal submission to the mk because of the flaw in the procedure and its unconstitutionality in terms of aspects,0,0,1,0,Neutral
together we support work creation work,0,0.545,0.455,0.5859,Positive
work creation has many benefits for work,0,0.485,0.515,0.5719,Positive
The work creation code triggers the demand for labor for the job creation,0.096,0.268,0.637,0.4019,Positive
uu job creation adds social security for workers,0,0.429,0.571,0.5423,Positive
Lapenkop Jatim Article Head of Lapenkop for East Java Region Moh Faishol Chusni said that the birth of the copyright law,0,0,1,0,Neutral
implementation of the copyright work article of broadcasting migration from terrestrial to digital or analog switch off,0,0,1,0,Neutral
thanks to the copyright law the investment work is easier,0,0.416,0.584,0.6908,Positive
one of the effects of working copyright,0,0,1,0,Neutral
The government removes fly ash and bottom ash from the list of hazardous and toxic waste types in PE regulations,0.128,0,0.872,-0.4215,Negative
"Luhur Pradjarto, Expert Staff to the Minister of Relations between the Ministry of Cooperatives and SMEs, stated that the uu ci",0,0,1,0,Neutral
The work copyright law triggers a demand for labor,0.176,0,0.824,-0.128,Negative
"thanks to the copyright law, the investment work one by one starts to enter, hopefully it will be a good start in the future",0,0.298,0.702,0.8176,Positive
the impact of the legalization of the work copyright alias uu cilaka makes everything threatened all from the humanities aspect,0.136,0,0.864,-0.4588,Negative
"let's follow the digital market, umkm indonesia virtual expo, this activity will thoroughly discuss work copyright laws and",0,0,1,0,Neutral
"the government has now actually ratified the rules for implementing the creation of work, which consists of rules for the government",0,0.163,0.837,0.4019,Positive
another government regulation no year on the implementation of environmental protection and management,0.155,0,0.845,-0.296,Negative
the president has set implementing rules uu create work that is expected to have an immediate impact on recovery efforts per,0,0.095,0.905,0.2732,Positive
the government responds by establishing a halal industrial area kih strengthening the sharia-based industry and umkm h,0,0.186,0.814,0.4939,Positive
uu cipta kerja untuk indonesia maju uuciptakerja,0,0,1,0,Neutral
uu create work for Indonesia to develop vaccines and restore the state,0,0.301,0.699,0.5106,Positive
with the creation of work makes Indonesia better for the welfare of workers and laborers,0,0.278,0.722,0.6124,Positive
"yes, the holiday tomorrow is good, hmm, btw, working on a creative job can provide legal certainty for investment in the palm oil industry, you know, sim",0,0.424,0.576,0.9136,Positive
The adjustment is a follow -up to the change in the article of the letter and copy that has been changed through the creation of the work,0,0.077,0.923,0.2732,Positive
the benefits of working copyright have been felt,0,0.271,0.729,0.3818,Positive
klo dlm bhs uu cipta kerja termnya pekerja buruh yup klo masih kerja sama org,0,0,1,0,Neutral
These are just a handful of cases that I have shared before. These cases occurred before the working copyright was passed,0,0.118,0.882,0.34,Positive
"Mr. ferry how about this anti-alcoholic drink bill, really, minol will still be able to get a few pieces",0,0,1,0,Neutral
we must be grateful to have a president who always thinks about nas,0,0.214,0.786,0.4588,Positive
remove means that it was previously categorized as dangerous and is now automatically considered not,0.181,0,0.819,-0.4767,Negative
"The government continues to pursue a number of policies to expand the halal value chain, some of which are pengu",0,0.273,0.727,0.6124,Positive
This JKP program is one of the implementations of the workforce cluster creation,0,0.149,0.851,0.2732,Positive
"The government continues to pursue a number of policies to expand the halal value chain, such as",0,0.316,0.684,0.6124,Positive
convey the work certificate to Japan the minister of industry has succeeded in bringing the manufacturing industry investment commitment of tens of trillions,0,0.205,0.795,0.6597,Positive
"With the existence of a work copyright law, business competition in the telecommunications industry is better maintained",0,0.162,0.838,0.4404,Positive
President Joko Widodo issued coal ash from the category of hazardous and toxic waste,0.177,0,0.823,-0.4215,Negative
which is already committed to the realization,0,0.259,0.741,0.2732,Positive
PP of the year regulates the implementation of environmental protection and management which constitutes turu,0,0,1,0,Neutral
the work creation law embodies the harmonization of licensing rules in all developed Indonesian regions,0,0.278,0.722,0.6124,Positive
stop hoax to create advanced Indonesian work,0.377,0.36,0.263,-0.0516,Negative
Citizens support the advanced Indonesian work copyright,0,0.485,0.515,0.5719,Positive
The government removes fly ash and bottom ash from the list of hazardous and toxic waste types in the regulations,0.128,0,0.872,-0.4215,Negative
let's give an idea how to make the president have the awareness that the mineral and coal law works for the following PP,0,0,1,0,Neutral
for provisions on dividends from abroad prior to the enactment of the dividend ciptaker law,0,0,1,0,Neutral
"In the article on the work copyright, it is stated that the dividend can not be a tax object if you win",0,0.16,0.84,0.5859,Positive
part or all of it can become a tax credit for dividend provisions from overseas after,0,0.157,0.843,0.3818,Positive
Derivative regulations on the work of entrepreneurs cannot be prosecuted because of coal waste,0.165,0.129,0.707,-0.1571,Negative
"considering the current position of democrats, parties that are outside the power of democrats are often at odds with",0,0.13,0.87,0.4019,Positive
PP year regulates the implementation of environmental management protection which is a derivative of u,0,0,1,0,Neutral
"Meanwhile, dividends received after the work copyright enters into force can be non-object as long as it is invested",0,0,1,0,Neutral
"Hi, brother, the income from dividends and rent received before the creation of work is still valid",0,0.116,0.884,0.2732,Positive
the key to creating the Indonesian economy,0,0.268,0.732,0.296,Positive
opportunities for employees with uu job creation,0,0.485,0.515,0.5719,Positive
good news for ya who are considering the npp business location no that regulates convenience,0.122,0.16,0.718,0.1779,Positive
hello admin based on uu no year related to omnibus law copyright dividend distribution work no,0.239,0,0.761,-0.5267,Negative
"Minister of Industry conveyed the work creation & succeeded, brought commitment",0,0.517,0.483,0.7579,Positive
uu create work has been confirmed by the dpr in october last omnibus law this impact onapp und,0,0.11,0.89,0.2732,Positive
all the benefits of creating work for the economic progress of the nation,0,0.432,0.568,0.765,Positive
Derivative regulations on the work of entrepreneurs cannot be prosecuted because of Indonesia's coal waste center for environmental l,0.133,0.104,0.762,-0.1571,Negative
The work copyright may or may not be successful in attracting investors which will definitely make it more difficult,0.22,0.218,0.563,-0.0168,Neutral
pp number as a derivative rule omnibus law work copyright law has been confirmed to complete,0,0.085,0.915,0.0772,Positive
Derivative regulations on the work of entrepreneurs cannot be sued because coal waste in Indonesia is center for the environment,0.128,0,0.872,-0.4215,Negative
Jokowi eliminating coal waste from this hazardous list is one of the derivative rules of work law,0.149,0,0.851,-0.4215,Negative
Gapki pp derivatives of work related to the palm oil industry need detailed regulations,0,0,1,0,Neutral
"Well, the creation of work, especially in the shipping sector, provides more convenience than before, for example, ease of use",0,0.283,0.717,0.6908,Positive
President Jokowi removes coal waste from the category of hazardous and toxic waste as listed in PP No.,0.342,0,0.658,-0.7783,Negative
changes in the procedures for tax audit through the government PMK also amend several provisions regarding TA,0,0,1,0,Neutral
"whether with the work copyright law owes dividend tax the assumption that wp op will buy ori state bonds, thank you",0,0.191,0.809,0.5423,Positive
Fian Indonesia attitude statement regarding pp derivative uu no year about work copyright n,0.155,0,0.845,-0.296,Negative
PP year regulates the implementation of environmental management protection which is a derivative of da,0,0,1,0,Neutral
work copyright law strengthens the legal order in Indonesia,0,0.391,0.609,0.5423,Positive
the work creation law encourages farmers as well as overcoming food security problems in Indonesia,0.122,0.428,0.45,0.7003,Positive
The Ministry of Industry considers work creation to have a positive impact on the industrial sector,0,0.305,0.695,0.6908,Positive
work creation accelerates economic growth,0,0.61,0.39,0.5719,Positive
Lipi economic researchers say that work creation can be a solution for Indonesia to get out of the middle income trap,0.097,0.186,0.717,0.2732,Positive
work creation can make you get out of the middle income trap to create work,0.124,0.227,0.649,0.2263,Positive
umkm wins a lot lhoooo ndi uu cipta kerja uuciptakerja,0,0.316,0.684,0.5719,Positive
work creation accelerates the economic growth of work creation,0,0.531,0.469,0.7003,Positive
work creation encourages the work creation industry,0,0.64,0.36,0.7269,Positive
"no longer do we care about the derivative rules u copyright cooperation, how's the judicial review at mkwkwkwkwkw",0.108,0.157,0.735,0.25,Positive
Omnibus law to create a demonstration by students of Pmii Sidoarjo and Pasuruan East Java,0,0.226,0.774,0.3612,Positive
"according to the law faculty, work creation ignores social justice and environmental sustainability",0.119,0.312,0.568,0.5267,Positive
Japanese business actors welcome work copyright,0,0.375,0.625,0.4588,Positive
"Employee dismissal procedures for copying work of foreign companies, submitting a letter of dismissal to employees",0,0,1,0,Neutral
support the implementation of uu copyright work n,0,0.31,0.69,0.4019,Positive
a number of regional strategic authorities have been amputated through the work of mining and coal works along with the elite powers of the political parties that hold them,0,0.133,0.867,0.4588,Positive
uu create work help umkm n,0,0.615,0.385,0.5859,Positive
the work copyright law requires companies to provide insurance n,0,0,1,0,Neutral
This is the result of your creative work demonstration of investment gas pol,0,0.281,0.719,0.5106,Positive
"Instead of being confused about this long weekend, where are you going and what to do, I decided to read the latest PP derivatives for copyright.",0.087,0,0.913,-0.3182,Negative
bad news derived from the omnibus law uu copyright work of coal waste is no longer a hazardous and toxic waste,0.414,0,0.586,-0.8834,Negative
a professor at the value of the rice import policy against work copyright,0,0.179,0.821,0.34,Positive
President Jokowi removed coal waste from the category of hazardous and toxic waste,0.337,0,0.663,-0.6808,Negative
President Jokowi is officially excluded from waste category by President Jokowi in the Derivative Laws of Limbs Work,0.245,0,0.755,-0.6369,Negative
support the implementation of work copyright laws,0,0.31,0.69,0.4019,Positive
uu create work help umkm,0,0.615,0.385,0.5859,Positive
umkm wins a lot in uu create work uuciptakerja for all,0,0.42,0.58,0.7003,Positive
uu create jobs to accelerate economic growth in indonesia for all,0,0.343,0.657,0.5719,Positive
uu job creation can reduce the unemployment rate in Indonesia for all,0.193,0.14,0.667,-0.2023,Negative
uu create good work for the people for all,0,0.417,0.583,0.6124,Positive
work creation is present as a solution to improve the national economy in order to create prosperity for cells,0,0.402,0.598,0.8126,Positive
uu create jobs for the advanced economy uuciptakerja,0,0.406,0.594,0.4767,Positive
The legal basis for the creation of the omnibus law is that it turns out,0,0.217,0.783,0.3818,Positive
the work creation law opens up a wide range of employment opportunities with the concept of facilitating business licensing,0,0.227,0.773,0.5719,Positive
umkm absorbs the most manpower so it needs to be encouraged to create work in order to recover quickly,0,0.213,0.787,0.5574,Positive
"while the land bank is still being criticized for this tug of war, this is the land provided",0.286,0,0.714,-0.7506,Negative
The presence of work creation laws has an important role in increasing investment growth in the regions,0,0.317,0.683,0.6705,Positive
termination procedure and how to calculate severance pay with for example work copyright law and PP no via,0.184,0,0.816,-0.3818,Negative
hoaks uu create work you need to know,0,0.231,0.769,0.2732,Positive
facts uu create work,0,0.412,0.588,0.2732,Positive
wise face hoaks omnibus law uu create work,0,0.464,0.536,0.6369,Positive
"Come on, check with the facts on the work copyright",0,0,1,0,Neutral
let's check the facts for a work copyright,0,0,1,0,Neutral
alluding to the work copyright of the professor warns of concern for the ibf tvone farmers,0.085,0,0.915,-0.1027,Negative
Japanese copyright work values ​​are important to increase investor confidence,0,0.627,0.373,0.8442,Positive
"as for the demands brought to this action, among others, revoking the copyright of work no year confirm ru",0.109,0,0.891,-0.296,Negative
These are just a handful of cases that I have shared before. These cases occurred before the working copyright was passed,0,0.118,0.882,0.34,Positive
The danger has now become real after the pack officially eliminated faba as a waste in the uu ci derivative rule,0.256,0,0.744,-0.7351,Negative
through the government work copyright law to protect oil palm,0,0.224,0.776,0.3818,Positive
umkm wins a lot lho in uu cipta kerja omnibuslaw,0,0.316,0.684,0.5719,Positive
Menperin Japanese business actors view work creation is important,0,0.358,0.642,0.4404,Positive
the new government podcast sj publishes the trunan rules of uu no i.e. uu copyright work in the form of pp or regulations,0.091,0,0.909,-0.296,Negative
the omnibus law study and research team carried out fgd on the overview of trends and developments uu no year,0.104,0,0.896,-0.296,Negative
"President Jokowi issued coal waste from the hazardous category, observers of the dangers of society, the government ratifies lan",0.261,0,0.739,-0.7184,Negative
"the ministry's director general of post and informatics, Ahmadramli, said the implementation of uu",0,0,1,0,Neutral
"only to him the people protect from all the impacts of work creation, including from the presidential decree that changes waste",0.11,0.184,0.706,0.2263,Positive
The work copyright law makes it easy for the digitalization staff to develop in Indonesia,0,0.172,0.828,0.4404,Positive
The work creation law encourages the progress of startups in Indonesia has the potential to make Indonesia's digital economy very large,0,0.302,0.698,0.7783,Positive
gr uu create work so work continues e because there is no battg to take a break,0.127,0.121,0.751,-0.0258,Neutral
"President Jokowi issued coal waste from the hazardous category, observers of the dangers of the community and the government meng",0.25,0,0.75,-0.7184,Negative
During the year at least three controversial laws were passed,0.167,0,0.833,-0.2023,Negative
This meeting also aims to strengthen commitment synergistically with the directorate general of binwasnaker and k as well as to socialize,0,0.292,0.708,0.7184,Positive
The work copyright law encourages the development of the halal industry for the prosperity of Muslims in Indonesia omnibuslaw,0,0.139,0.861,0.4404,Positive
"well, the work copyright law, especially in the shipping sector, provides convenience compared to before, for example convenience",0,0.11,0.89,0.2732,Positive
uu cipta kerja has been confirmed by the dpr in october and this omnibus law has an impact on app,0,0,1,0,Neutral
ipkritisi uu create work in the field of food and agriculture,0,0.174,0.826,0.2732,Positive
The employment copyright law requires companies to provide insurance,0,0,1,0,Neutral
uu created work also removed the provisions of the forest area even though in the last fifty years more than half of the hut,0,0.08,0.92,0.25,Positive
"Through the work paperwork, the coal industry is given royalties to increase the added value of its production, even though the regulations on se",0,0.176,0.824,0.5719,Positive
in the year the dpr amp the government passed the revision of the mineral and coal law in the midst of a pandemic in order to save the coal mining industry,0,0.099,0.901,0.4939,Positive
President Joko Widodo has excluded official faba waste from the waste category in the derivative regulation of the working law on limba,0.296,0,0.704,-0.7906,Negative
implementation of working law on articles of broadcasting migration from terrestrial to digital or analog switch off aso to become,0,0,1,0,Neutral
President Jokowi has officially excluded faba waste from the waste category in the derivative rules of the work copyright law,0.32,0,0.68,-0.7906,Negative
meet the minister of industry keidanren and jetro thumbs up for work creation n,0,0.149,0.851,0.2732,Positive
"only to him the people take refuge from all the effects of the creation of work, including from the decision of the president who changed",0,0.08,0.92,0.2732,Positive
the impact of work copyright laws in the plantation sector,0,0,1,0,Neutral
xe x xaxe x xa uu work creation makes it easy to apply for advanced Indonesian capital loans,0,0.35,0.65,0.7184,Positive
a work copyright increases the ease of doing business in advanced Indonesian Indonesia,0,0.31,0.69,0.5423,Positive
work creation law is able to play a role in opening up advanced Indonesian jobs,0,0.371,0.629,0.6705,Positive
"the covid pandemic can be an example of the importance of the role of quality telecommunications in the economic sector, especially e",0,0.111,0.889,0.3612,Positive
the covid pandemic can be an example of the importance of the role of quality telecommunications in the economic sector kh,0,0.111,0.889,0.3612,Positive
dpr ri urged the government to immediately finish discussing the derivative regulations on work copyright,0,0,1,0,Neutral
Kpk is working with the Ministry of Marine Affairs and Fisheries to ensure that the derivative regulations of the working law of the Men,0,0.102,0.898,0.3818,Positive
The work copyright law encourages the development of the halal industry in Indonesia,0,0.195,0.805,0.4404,Positive
through the work creation umkm work get support for the ease of protection and empowerment so that it can grow,0,0.3,0.7,0.743,Positive
work paperwork exists as a solution to improve the national economy in the fisheries and marine sectors,0,0.271,0.729,0.6369,Positive
summarized from the writings of dipna videlia putsanra october ndg the occurrence of uu creation of work then there is a fundamental problem m,0.109,0.085,0.806,-0.1531,Negative
"According to the law faculty, work creation ignores social justice and environmental aspects of crochet",0.107,0.281,0.612,0.5267,Positive
early february the president confirmed the executive rule as a derivative uu create work the amount is still mung,0,0.11,0.89,0.2732,Positive
"according to the law faculty, work creation ignores social justice and environmental aspects n",0.119,0.312,0.568,0.5267,Positive
"This afternoon, I just took part in the briefing regarding the Wajiamdal UKL UPL SAMALK in relation to adjustments",0,0,1,0,Neutral
"hi buddy, I like to follow the webinar series Dcktrp with the theme of the role of building technical actors in the progress of the city of Jakarta for those who",0,0.159,0.841,0.6486,Positive
uu copyright work related to the article on the migration of broadcasting from terrestrial to digital or analog switch off aso potential,0,0,1,0,Neutral
"Besides the implementation of the work law, Joko also mentioned several other challenges that the palm oil industry will face",0,0.064,0.936,0.0772,Positive
"six derivative articles of work law related to the palm oil industry, namely pp on area control and",0,0,1,0,Neutral
"According to him, the regulations in the six government regulations PP that have been published are in accordance with the objectives",0,0,1,0,Neutral
"yes, the holiday tomorrow is nice, hmm, btw, working on a work can provide legal certainty for investment in the palm oil industry, I know",0,0.394,0.606,0.8658,Positive
uu create work for the prosperous people ikatancintaep,0,0.464,0.536,0.6369,Positive
uu creation of work encourages the development of the halal industry wayv_kick_back,0,0.333,0.667,0.6124,Positive
the work creation law becomes a paradise for the lovers of the love-bond economy,0,0.492,0.508,0.8658,Positive
derivative regulation uu cipta work guarding isramiraj marine resources,0,0,1,0,Neutral
"Kkp moves quickly in responding to the derivative regulations of the work copyright law, namely PP number of the year concerning",0,0.061,0.939,0.0772,Positive
uu create work uuciptakerja,0,0.412,0.588,0.2732,Positive
uu cipta kerja indonesia maju,0,0,1,0,Neutral
support copyright work creation,0,0.706,0.294,0.5859,Positive
uu create work take care of marine resources create work,0,0.514,0.486,0.7506,Positive
uu cipta kerja encourages the development of halal industry uuciptakerja,0,0.244,0.756,0.4404,Positive
the government is now actually ratifying the executive regulation uu cipta work which consists of government regulations,0,0,1,0,Neutral
work creation is able to simplify work creation efforts,0,0.375,0.625,0.4939,Positive
"through the work creation umkm and cooperatives, work creation is made easier",0,0.438,0.562,0.7184,Positive
uu create work protect local workers,0,0.54,0.46,0.5719,Positive
uu create work to protect natural ecosystems,0,0.643,0.357,0.7351,Positive
This is the reason why a working copyright law is needed,0,0,1,0,Neutral
work creation reduces unemployment,0.414,0.3,0.286,-0.2023,Negative
work creation law increases the competitiveness of national industries at the global level,0,0.149,0.851,0.2732,Positive
together support the work law to eradicate poverty,0.275,0.225,0.5,-0.1531,Negative
uu creation of work is an innovation for the progress of the state,0,0.429,0.571,0.7579,Positive
"Prior to the enactment of the work copyright law and this Presidential Decree, a permit was issued for alcoholic drinks",0,0,1,0,Neutral
post-pandemic legal umbrella work,0,0.333,0.667,0.128,Positive
bureaucracy with uu create work,0,0.344,0.656,0.2732,Positive
guarantee of employee protection ter phk with uu create work,0,0.339,0.661,0.4767,Positive
provisions on the prohibition of monopolistic practices and unfair business competition after the omnibus law work copyright,0.162,0,0.838,-0.4767,Negative
through work copyright laws and implementing regulations the government has made it easy for micro and small entrepreneurs to,0,0.139,0.861,0.4404,Positive
together uu create work to prosper the workers and workers become better uuciptakerja,0,0.312,0.688,0.6124,Positive
through work copyright laws and implementing regulations the government has made it easier for micro and small entrepreneurs,0,0.141,0.859,0.4215,Positive
his party strongly supports the use of domestic product defense equipment and hopes that the existing work copyright can be used,0,0.42,0.58,0.8625,Positive
The government through the creation of jobs provides facilities for micro and small businesses in terms of payment of wages,0,0.1,0.9,0.2732,Positive
in -depth discussions conducted by the Indonesian side and kn lwf on uu creation of work and two derivative rules that me,0,0.091,0.909,0.2732,Positive
churches and religious institutions need to anticipate indirect discrimination from work copyright laws and derivative regulations,0,0,1,0,Neutral
pshk criticism of the implementation of the implementing regulations on work copyright via,0.195,0,0.805,-0.4404,Negative
pshk criticism of the implementation of the implementing regulations on work copyright,0.209,0,0.791,-0.4404,Negative
"The Hajj Financial Management Agency, Bpkh, has responded positively to the government's stimulus which has exempted the income tax",0,0.159,0.841,0.5267,Positive
Hadi Nugroho highlighted the flexible labor market in work creation according to the lack of supervision from peers,0.108,0.188,0.704,0.1779,Positive
"the commissioner of studies and research, Sandrayati Moniaga, in her opening hopes that this discussion can sharpen",0,0.149,0.851,0.4215,Positive
the omnibus law study and research team carried out fgd on the picture of trends and developments uu no ta,0.104,0,0.896,-0.296,Negative
before uu create work companies that are not willing to pay wages above the minimum wage can make a deferment of the employer,0,0.145,0.855,0.3391,Positive
"instead of simplifying the regulations on work copyright, it actually creates a lot of blank blanks in the form of the delegation of k regulations",0,0.087,0.913,0.2732,Positive
in difficult times like this there are indeed many problems but along with that there are also many opportunities for work creation st,0.122,0.265,0.612,0.6369,Positive
his party strongly supports the use of domestic product defense equipment and hopes that the work copyright has already been valid,0,0.42,0.58,0.8625,Positive
before uu create work companies that are not willing to pay wages above the minimum wage can do deferral,0,0.167,0.833,0.3391,Positive
"instead of simplifying the regulations on work copyright, it creates a lot of blank blanks in the form of delegation of income",0,0.095,0.905,0.2732,Positive
early february the president confirmed the executive rule as a derivative uu create work the amount is still,0,0.116,0.884,0.2732,Positive
uu create work to protect non -formal workers,0,0.439,0.561,0.5719,Positive
"and what you are defending is working heyy really when plagiarism is called a work of plagiarism, yes, the stamp will ad at any time and o",0,0.101,0.899,0.4019,Positive
the procedure for making a tax invoice according to the work copyright,0,0,1,0,Neutral
the birth of government regulations as a derivative of work copyright is a momentum for us to work d,0,0,1,0,Neutral
the minister mentioned at least there was an advantage of pp number of years about the organizers,0,0.18,0.82,0.3182,Positive
the president has set implementing rules uu create work that is expected to have an immediate impact on pemu efforts,0,0.1,0.9,0.2732,Positive
the benefits of work copyright laws have been felt by advanced Indonesia,0,0.315,0.685,0.5574,Positive
"Yes, I agree that their datuk only defends their interests until they do",0,0.444,0.556,0.7351,Positive
hi sis according to psl taxation cluster lettering invoice work must include identity,0,0,1,0,Neutral
Don't miss the live Instagram together which will talk about the general impact of work copyright on,0,0.083,0.917,0.1139,Positive
"hi buddy, I like to follow the Dcktrp webinar series with the theme of the role of building technical actors in the progress of the city of Jakarta",0,0.175,0.825,0.6486,Positive
The working copyright law and its derivative legal products still place agricultural land under the threat of conversion,0.163,0.072,0.766,-0.4404,Negative
the legalization of uu year number concerning work copyright makes it recognized as a written legal entity pd nd,0,0.149,0.851,0.2023,Positive
looking for a thread that discusses the derivative regulations of the working copyright law,0,0,1,0,Neutral
if there is a tax invoice whose identity data is not included as requested in article aya,0,0,1,0,Neutral
work creation laws and its derivative legal products to this day still place agricultural land under threat,0.162,0.171,0.667,-0.2023,Negative
uu now many are trapping uncle like to create a case tone about digging in a regency,0,0.261,0.739,0.5574,Positive
let's support work copyright laws to achieve economic growth in Indonesia,0,0.371,0.629,0.6486,Positive
as many implementing regulations uu copyright work has been completed nmencakup whatever implementing regulations nseleng,0,0,1,0,Neutral
"stop provocation, let's together support the omnibus work copyright law because the application of the work copyright law has become",0.096,0.118,0.786,0.128,Positive
Click to intensify the follow-up arrangements for work copyright,0,0,1,0,Neutral
the movement to reject the work of gatot nurmantyo mobilized the mass of students to take part in an anarchist action,0.119,0,0.881,-0.4019,Negative
uu invent better work and disseminate it to the public that there are many benefits and this law eliminates hidden costs,0,0.224,0.776,0.6705,Positive
uu create job trigger jobs,0,0.344,0.656,0.2732,Positive
uu create work to protect local workers,0,0.485,0.515,0.5719,Positive
The following strategies have been prepared to maintain the export market and main products na focus on UK small and medium enterprises,0,0.083,0.917,0.2263,Positive
uu create jobs open up new jobs,0,0.259,0.741,0.2732,Positive
good news for ya who are considering the npp business location number that regulates the ease of protection,0,0.309,0.691,0.6908,Positive
work creation law has a positive impact on advanced Indonesian local workers,0,0.49,0.51,0.7717,Positive
xe x xa uu work creativity to address people's concerns about the advancing Indonesian land mafia,0,0.157,0.843,0.3818,Positive
work creation law to maintain advanced Indonesian business competition,0,0.369,0.631,0.4767,Positive
"Sir, now I want to enter Q, when the economy is working to create a job, we can make the economy soar we are waiting",0,0.139,0.861,0.34,Positive
dpr encourages the government to accelerate derivative regulations on work copyright,0,0.225,0.775,0.4404,Positive
"Hi, what is the amount of income received on the tax date and period before s",0,0,1,0,Neutral
is it true that parties are fighting for the interests of the country I doubt that they are only advancing the interests of their groups,0.154,0.292,0.554,0.5423,Positive
"The Indonesian Life Insurance Association, Aaji, asked the government to review its tax imposition policy",0,0,1,0,Neutral
Amdal in the work copyright is regulated through the PP. The arrangement is contained in the baii which consists of the de section,0,0,1,0,Neutral
outside of the normative articles there are some notes on government regulations pp derivative laws uu copyright to,0,0,1,0,Neutral
prepaid cards and complementary solutions work creations,0,0.462,0.538,0.5106,Positive
The context of the sentence does not change in the working copy of the Paj cluster year number,0,0.14,0.86,0.1531,Positive
"detention should be rational, it's just a matter of crowds, it's not about garbling state money, it's not a matter of rebels",0.112,0.17,0.718,-0.1798,Negative
"and what you are defending is working heyy really, if plagiarism is called a work of plagiarism, yes, the stamp will go to ad at any time",0,0.097,0.903,0.4019,Positive
Job creation law can open up a wide range of employment opportunities younglexapologizetolayzhang,0,0.32,0.68,0.5719,Positive
deputy chairman of the dpr ri azis syamsuddin asked the regional government and the security apparatus to accelerate the implementation,0,0.112,0.888,0.34,Positive
who was yesterday the demo u wrote a work but now otw enjoy jkp,0,0.281,0.719,0.6486,Positive
The creation of work encourages the agricultural sector to grow from upstream to downstream,0,0.294,0.706,0.6124,Positive
the work copyright law restricts foreign workers,0.277,0,0.723,-0.3182,Negative
uu cipta kerja jawakekhawatiran masyarakat uuciptakerja,0,0,1,0,Neutral
work copyright protect local work for work,0,0.302,0.698,0.3818,Positive
working paperwork is a work creation solution,0,0.524,0.476,0.5267,Positive
the primary cooperative establishment groove is formed by at least nine persons in accordance with uu years about the chip,0,0,1,0,Neutral
uu cipta kerja wajibkan foreign investors to transfer technology to Indonesian workers,0,0,1,0,Neutral
uu create work provide assistance and protection to umkm,0,0.208,0.792,0.2732,Positive
ihsg gets a positive influence from uu creation of work,0,0.449,0.551,0.6908,Positive
uu copyright work work reduce unemployment,0.367,0,0.633,-0.4404,Negative
work paperwork and pre-employment cards as complementary power solutions,0,0.175,0.825,0.1779,Positive
Good news for those who are considering the PPP business location no. that regulates the convenience of Peli,0.104,0.137,0.758,0.1779,Positive
loe jagoan monitor demo tolak uu cipta kerja nsendiri aja monitor jgn suruh org lain a,0,0,1,0,Neutral
pre-job cards and a complementary solution work creation,0,0.468,0.532,0.5267,Positive
this is the reason why uu creation work is needed,0,0.189,0.811,0.2732,Positive
the work creation law will reduce unemployment,0.29,0.21,0.5,-0.2023,Negative
anyone already knows if it turns out that the government has just revised government regulations and presidential regulations,0,0,1,0,Neutral
work paperwork exists as a solution to improve the economy and welfare of the Indonesian people,0,0.286,0.714,0.6369,Positive
work paperwork exists as a solution to improve the welfare of local workers who support the creator,0,0.378,0.622,0.7845,Positive
victims of termination of employment can get a guarantee of losing their job with the existence of a law,0.234,0.096,0.67,-0.4404,Negative
friday im in law seriescprotect the intellectual property aspect of your business what's new from uu cipta kerjad,0,0.163,0.837,0.5106,Positive
work copyright eases investment in the marine sector,0,0.247,0.753,0.3182,Positive
job loss security is a new type of social security program that is accommodated in the work copy and,0.104,0.217,0.679,0.3612,Positive
marine spatial management bpspl padang following the post un integration discussion rzwpk amp rtrw,0,0,1,0,Neutral
derivative rules for work copyright completion target investment increases,0,0,1,0,Neutral
"The event was attended by the general chairman, Rosan Roeslani and his fellow board members, the general chairman gave u",0,0,1,0,Neutral
"Don't be provoked and consumed by hoax news, the government always accepts input and criticism and uu cip",0.216,0.178,0.606,-0.223,Negative
in difficult times like this there are indeed many problems but along with that there are also many opportunities for creative work,0.122,0.304,0.574,0.7506,Positive
xe x xcdemokrat also did not speak for the children who were arrested in the demo rejecting change uu kpk demokrat sby also did not,0.217,0,0.783,-0.7269,Negative
"hi sis, if you mean the provisions of the clause letter clause paragraph of taxation for the work copyright man",0,0,1,0,Neutral
"Happy Women's Day, confirm the sexual violence elimination bill and confirm the domestic worker protection bill",0.188,0.17,0.642,-0.1027,Negative
"the result of the drunken investment regime's work invasion, even the one that is haram, was legalized",0,0,1,0,Neutral
uu creation of work is made to ensure the well -being of society,0,0.405,0.595,0.7003,Positive
dpr urged the government to accelerate the derivative rules for all works for restoration,0,0,1,0,Neutral
blessings uu create work for,0,0.651,0.349,0.6808,Positive
Kemenkopukm is good news for those who are considering the PPP business location,0,0.195,0.805,0.4404,Positive
with the creation of work to make Indonesia better and prosper the workers and laborers,0,0.278,0.722,0.6124,Positive
"Regarding the crediting of input tax in general, it can be seen in the article uu year as above",0,0.082,0.918,0.1531,Positive
dpr push government speed up rules downqm u all work for restoration,0,0,1,0,Neutral
unpagelar general lecture on the direction of pph policy in the work law,0,0,1,0,Neutral
A pro refuses to work on a work copyright but there is a gap in saying that what can be used as money is the government's goal,0,0,1,0,Neutral
"If you want a demonstration every day it is not as long as it is according to the law and guaranteed by the law, but if anaekis destroys the public facility and throws stones",0.132,0.063,0.805,-0.6757,Negative
dpr asked to speed up the implementation of work copyright,0,0,1,0,Neutral
Amdal in the work copyright is regulated through the PP. The arrangement is contained in the baii which consists of a section,0,0,1,0,Neutral
The main purpose of creating jobs is to create new jobs,0,0.323,0.677,0.5106,Positive
My mutualan on twitter is that someone who understands the law doesn't want to ask about the latest work on some policies,0.055,0,0.945,-0.0572,Negative
"note the study program d taxation faculty of social sciences, University of Panca Budi's Development held lectures",0,0,1,0,Neutral
"There is a work draft of the Serang City Government with the DPRD, starting to discuss again the building regulations",0,0,1,0,Neutral
uu copyright this work is very complicated huh,0,0,1,0,Neutral
uu create work to accelerate the national economic recovery program,0,0.189,0.811,0.2732,Positive
The work creation law has a positive impact on the country's economy,0,0.388,0.612,0.6908,Positive
unpagelar general lecture on the direction of pph policy in work copyright,0,0,1,0,Neutral
Then will alcohol investment stop with the removal of its attachments while the omnibus law on copyright works?,0.108,0.103,0.788,-0.0258,Neutral
the birth of the work copyright law and the alcohol investment provisions in the Perpres further confirms that the law is in the system,0,0,1,0,Neutral
The benefits of creating a government open up jobs to ease the effort,0,0.448,0.552,0.743,Positive
this is the reason why omnibus law uu create work is needed,0,0.16,0.84,0.2732,Positive
for the rules for implementing the work copyright law related to the tax aspects of PPN VAT and PPNBM as well as CUP,0,0.087,0.913,0.2732,Positive
hai kak nsesuai ps uu no th ttg cipta kerja yg berubah ps ayat hurufuu no th,0.227,0,0.773,-0.5267,Negative
"nu is often portrayed as being opportunistic in power, so when the rejection of work law appears from pbnu a critical attitude",0.285,0,0.715,-0.7322,Negative
dpr continues to encourage the government to accelerate derivative regulations on work copyright,0,0.216,0.784,0.5106,Positive
The government considers that the implementation of work copyright requires several technical implementing regulations,0,0,1,0,Neutral
"The government considers that in the implementation of work law, several regulations are required for technical implementation",0,0,1,0,Neutral
The government assesses that the implementation of work copyright requires several technical implementing regulations,0,0,1,0,Neutral
the government issues implementing rules of uu copyright work consisting of government regulations pp and per,0,0,1,0,Neutral
dpr will continue to encourage the government to accelerate the derivative regulations on work copyright,0,0.191,0.809,0.5106,Positive
The government assesses that the implementation of the work law requires several technical implementation regulations so that all plans,0,0,1,0,Neutral
and the government publishes executive rules of uu copyright work consisting of government regulations pp and,0,0,1,0,Neutral
from the dpr pushing the government to accelerate the derivative rules of this work law which are getting better,0,0.139,0.861,0.4404,Positive
The government considers that the implementation of this work law requires several technical implementation regulations so that it is more,0,0,1,0,Neutral
The government has assessed that the implementation of work copyright requires several technical implementing regulations,0,0,1,0,Neutral
the government assesses that the implementation of work copyright requires several technical implementation regulations c,0,0,1,0,Neutral
The government assesses that the implementation of work copyright requires several technical regulations to save the period,0,0.167,0.833,0.4939,Positive
the implementation of the work law requires several technical implementation regulations. We must be optimistic that Indonesia will se,0,0.113,0.887,0.3182,Positive
the government has issued a regulation of the executor of the work law consisting of government regulations p,0,0,1,0,Neutral
The government assesses that the implementation of work copyright requires several technical implementing regulations in order to run,0,0,1,0,Neutral
The government assesses that the implementation of the work copyright requires several technical regulations for the implementation of matters,0,0.058,0.942,0.0258,Neutral
"nu is often portrayed as being opportunistic in power, so when the sound of rejection of work law appears from pbnu sika",0.187,0,0.813,-0.5574,Negative
nuu cipta kerja encourages the opening of the widest possible employment for the Indonesian people,0,0.172,0.828,0.4404,Positive
create effective work in establishing an economic climate,0,0.464,0.536,0.6369,Positive
numkm absorbs the most manpower uu create work push umkm quickly recover,0,0.177,0.823,0.3321,Positive
nuu created work to be a hope in the midst of a pandemic,0,0.353,0.647,0.5994,Positive
the creation of work to generate investment and international trade,0,0.189,0.811,0.2732,Positive
kliksamarinda law number year concerning work copyright or the omnibus law which was passed by the board of representatives,0,0.067,0.933,0.0772,Positive
measure the national customs of the indigenous people after there is a work copyright,0,0,1,0,Neutral
Golkar party encourages the acceleration of the implementation of the work law and its derivative regulations as a policy,0,0.259,0.741,0.6808,Positive
work creation law provides certainty for investment in the palm oil industry read more here n,0,0.24,0.76,0.4767,Positive
Democrats reject the creation of work,0.307,0.239,0.455,-0.1531,Negative
uu cipta kerja dorong umkm cepat pulih uuciptakerja,0,0,1,0,Neutral
work creation effective work creation,0,0.785,0.215,0.743,Positive
work law opens up the widest range of employment opportunities,0,0.224,0.776,0.3818,Positive
Work law has an important role in the government's efforts to restore our economic condition,0,0.235,0.765,0.4588,Positive
uu create work to facilitate public service,0,0.259,0.741,0.2732,Positive
derivative rules uu create jobs multiply new jobs n,0,0.231,0.769,0.2732,Positive
after the enactment of uu creation of work and pp there are some changes in the provisions related to amdal approval lingku,0,0.206,0.794,0.6369,Positive
to create effective work hundreds of investments are already in line,0,0.366,0.634,0.6369,Positive
"in rapimnasgolkar, the golkar party will continue to push for the acceleration of the implementation of work drafts for recovery",0,0.124,0.876,0.4019,Positive
"This is a derivative rule for copyright work, I've read the seeds, but how come the timeline seems like the crowd is busy",0,0.134,0.866,0.5023,Positive
national webinar uu create work of the port and shipping industry via,0,0.16,0.84,0.2732,Positive
"Come on, support your advanced Indonesian work copyright",0,0.439,0.561,0.5719,Positive
"through the work copyright law, it is easy for licensing to advance Indonesian businesses",0,0.182,0.818,0.4404,Positive
the work creation law gives hope for the recovery of the advanced Indonesian economy,0,0.389,0.611,0.7184,Positive
after the enactment of uu creation of work and pp there are some changes in the provisions related to amdal approval,0,0.215,0.785,0.6369,Positive
"I continue to trace it down, don't let the omnibus law articles make it easy to replace ketum",0,0.153,0.847,0.4404,Positive
uu create work makes nkri economy better uuciptakerja n,0,0.455,0.545,0.6124,Positive
Golkar party encourages the acceleration of the implementation of work laws and their derivatives for national economic recovery,0,0.259,0.741,0.6808,Positive
Golkar party encourages the acceleration of the implementation of the work law and its derivative regulations as a policy,0,0.259,0.741,0.6808,Positive
dpr asked for accelerated implementation of work copyright rules,0,0,1,0,Neutral
dpr asked for accelerated implementation of work copyright rules via,0,0,1,0,Neutral
work creation law is present as a solution to improve the welfare of umkm business actors in Indonesia,0,0.343,0.657,0.743,Positive
The government has ratified pp no ​​on a specific working time agreement for the transfer of working time,0.105,0.229,0.667,0.3818,Positive
The government has passed the government regulation number of years regarding the work agreement for a certain time pkwt,0,0.306,0.694,0.6808,Positive
Do not miss Tuesday March there will be a series of discussions on the festival with different themes evalua,0,0.225,0.775,0.5638,Positive
"I search straight down, don't let there be an omnibus law article that provides the facility to change",0,0.106,0.894,0.2263,Positive
People reject revision uu kpk gt uu kpk revised people reject gt dynastic politics children & help advance regional elections nrakyat ask for pi,0.178,0.228,0.594,0.128,Positive
hi sis if the taxable entrepreneur has not submitted the tax bkp and / or jkp input tax,0,0,1,0,Neutral
"In the past, the issue was that if you created a job, you would delete the pesanggon, in fact, apart from the pesanggon, there was also a JKP for those who lost",0.071,0.062,0.867,-0.0772,Negative
vaccination and uu create jobs as capital for economic recovery,0,0.189,0.811,0.2732,Positive
uu created a work of hope in the midst of a pandemic,0,0.38,0.62,0.5994,Positive
uu create work guarantees employees affected phk,0.184,0.241,0.575,0.128,Positive
"the work copyright law and its two derivative regulations encourage female workers to be easily regulated, submissive and ready to be paid cheaply",0.078,0.278,0.644,0.7096,Positive
"Currently, the rules regarding contract labor have changed, it happened after the creation of the omnibus law work that took place",0,0.095,0.905,0.2732,Positive
"In the past, the issue was that if you created a work, you would erase the",0,0.125,0.875,0.25,Positive
In their action they asked the government to admit that sexual violence is a human rights violation to remove the copyright work immediately,0.26,0.064,0.676,-0.7579,Negative
derivative rules of work copyright create new jobs,0,0.231,0.769,0.2732,Positive
It's a work copyright but but sometimes the rules are only on paper while the parties,0,0.202,0.798,0.5499,Positive
dpr asked the government to speed up the derivative regulations on work copyright,0,0,1,0,Neutral
The copyright for work was only valid recently recently it was also previously rejected,0.202,0,0.798,-0.5106,Negative
hi kak nuntuk pph article if the status is like that kmaka wajilapor yes kak ndan ap,0,0.257,0.743,0.6369,Positive
Job Creation increases stock investment,0,0.344,0.656,0.2732,Positive
dpr asked local governments to simplify licensing and provide convenience for investors who want to invest,0,0.08,0.92,0.0772,Positive
Puan Maharani regarding work creation can accelerate the revival of the national economy,0,0.149,0.851,0.2732,Positive
the government was asked to accelerate the derivative regulations on work copyright,0,0,1,0,Neutral
Here is a summary of the rights of workers who have been dismissed and resigned according to the work copyright law and its implementing regulations.,0.08,0,0.92,-0.25,Negative
work creation reduce unemployment for omnibuslaw work,0.29,0.21,0.5,-0.2023,Negative
Vaccines and the creation of work became the main capital to revive the Indonesian economy,0,0.257,0.743,0.5423,Positive
"Besides the certainty of the availability of the covid vaccine, the effectiveness of the implementation of work inventions is also a big hope as a result",0,0.182,0.818,0.5994,Positive
The following strategies have been prepared to maintain the export market and main products na focus on small and medium enterprises,0,0.087,0.913,0.2263,Positive
Work copyright laws give a positive quarterly impact,0,0.375,0.625,0.5574,Positive
happy women's day seduniabc na confirm ruu elimination of sexual violence na confirm ruu worker protection ru,0.18,0.162,0.658,-0.1027,Negative
uu create work also help umkm,0,0.545,0.455,0.5859,Positive
am I want to ask about the PP year of taxation treatment of work copyright provisions of pe transition,0,0.071,0.929,0.0772,Positive
the work copyright law has confirmed the position of bumdes as a legal entity as a legal entity to make,0,0.158,0.842,0.25,Positive
outside of the normative articles there are several notes on government regulations pp derivative laws uu ci,0,0,1,0,Neutral
Derivative rule of law no year concerning work copyright is expected to create the same understanding between stakeholders and dap,0.099,0.094,0.807,-0.0258,Neutral
Derivative rule of law no year concerning work copyright is expected to create the same understanding among stakeholders,0.108,0.103,0.788,-0.0258,Neutral
surgery uu cipta kerja bikin muntah ya wak,0,0,1,0,Neutral
azis syamsuddin asked the regional government and security forces to accelerate the implementation of work creations,0,0.263,0.737,0.6124,Positive
improve understanding and application of risk management in business licensing through workshops anticipating successors,0.116,0.276,0.608,0.4404,Positive
One of the mandates for work creation is the establishment of a domestic investment endowment fund management institution. Today I have an idea,0,0.095,0.905,0.2732,Positive
Do you want to do the work with foreigners who work more than a day in Indonesia?,0,0.08,0.92,0.0772,Positive
if brdsr in the new work copyright applies when it comes into effect and is there any difference for trans,0,0,1,0,Neutral
Happy International Women's Day Indonesian women rise up against oppression and remove copyright laws,0,0.222,0.778,0.5719,Positive
the work creation law has more and more benefits for the Indonesian economy,0,0.323,0.677,0.6436,Positive
uu create jobs open up the widest possible job,0,0.208,0.792,0.2732,Positive
benefits uu create jobs open jobs to ease of endeavor,0,0.507,0.493,0.7351,Positive
The work copyright law aims at making regulations to increase investment,0,0.187,0.813,0.3182,Positive
dr arim revealed the root of the problem of alcohol is not perpres and uu cipta kerja but the economic system of kapit,0.078,0,0.922,-0.2144,Negative
What is the following paragraph on the left that has not been added and what has been abused,0.163,0,0.837,-0.5106,Negative
to create work to improve the investment climate and create new jobs read more here,0,0.372,0.628,0.7269,Positive
"Just like this, go straight to the contents of the president's brain. Blue is anti-copyright work, so it must be brushed off in a way",0,0.167,0.833,0.5267,Positive
This is the difference between a labor copyright RPP and the Manpower Act. No wonder many unions reject the rule b,0.224,0,0.776,-0.5994,Negative
refuse copyright work demonstration in Yogyakarta. The crowd forced their way into the dprd building,0.28,0.075,0.645,-0.5859,Negative
the existence of uu creation of work oppresses workers and laborers,0,0.174,0.826,0.2732,Positive
"In fact, I was affected because in the past the campaign to support Jokowi, now every time there is a government policy",0.072,0.121,0.807,0.2732,Positive
uu creation of work is a hope in the midst of a pandemic,0,0.357,0.643,0.6124,Positive
the birth of the work copyright law and the alcohol investment provisions in the Perpres confirms that the law is in,0,0,1,0,Neutral
Then will alcohol investment stop with just removing the attachments while the omnibus law works on copyright,0.114,0.109,0.777,-0.0258,Neutral
the chemical weapons manufacturing industry and the industrial chemical industry and the ozone depleting substances industry,0.162,0,0.838,-0.4404,Negative
citing the government website to change the negative list of investment dni by making,0.222,0,0.778,-0.5719,Negative
"whereas if we examine more deeply, the emergence of this Perpres does not mean that it was born as a form of pengejaw",0,0,1,0,Neutral
The government claims that derivative regulations on fisheries and maritime sector work can boost the sector's performance,0,0.144,0.856,0.4019,Positive
work creation prioritizes the interests of national workers,0,0.406,0.594,0.4767,Positive
uu cipta kerja requires foreign investors to transfer technology to Indonesian workers,0,0,1,0,Neutral
work creation to encourage the ease of international trade,0,0.568,0.432,0.7845,Positive
uu create work provide access to work facilities for umkm,0,0.189,0.811,0.2732,Positive
Consider the important points of derivative regulations on work in the fisheries and maritime sector,0,0.114,0.886,0.2023,Positive
The government claims that derivative regulations on fisheries and maritime sector work can boost sector performance,0,0.153,0.847,0.4019,Positive
The work certificate guarantees certainty for workers affected by layoffs to strengthen Indonesian products,0.095,0.254,0.651,0.4019,Positive
Strengthen Indonesian products for Javanese work. Community concerns about the land mafia,0,0.173,0.827,0.3182,Positive
the benefits of work copyright laws to create a wide range of employment opportunities strengthen Indonesian products,0,0.444,0.556,0.8225,Positive
work copyright law can strengthen Indonesian products,0,0.277,0.723,0.3182,Positive
of course the protection and assistance at umkm are in accordance with the work copyright to strengthen Indonesian products,0,0.113,0.887,0.3182,Positive
protection and assistance at umkm in accordance with the work copyright to strengthen Indonesian products,0,0.141,0.859,0.3182,Positive
PP number of the year concerning the governance of the marine and fisheries sector is a derivative of the mandate of the copyright document,0,0.056,0.944,0.0772,Positive
work law guarantees certainty of severance pay for workers affected by dismissal as a result of employment,0.167,0.111,0.722,0,Neutral
hope work in the midst of a pandemic of good impact on work,0,0.367,0.633,0.7003,Positive
uu create work jawakekhawatiran society about the land mafia,0,0.208,0.792,0.2732,Positive
guarantees of protection of dismissed workers with the work creation impact of work,0,0.149,0.851,0.2732,Positive
work paperwork accelerates national strategic projects that have a good impact on work,0,0.209,0.791,0.4404,Positive
fishermen will also benefit from a work copyright,0,0.333,0.667,0.4588,Positive
let us together support the work to eradicate poverty,0.254,0.208,0.538,-0.1531,Negative
the work creation law addresses the issues of advanced Indonesian regulation,0,0.313,0.687,0.4767,Positive
together uu create work to create a superior indonesia in the advanced indoensia asia region,0,0.492,0.508,0.8271,Positive
uu work copyright makes it easier for Indonesian job seekers to advance,0,0.203,0.797,0.4215,Positive
uu create jobs to advance the Indonesian economy uuciptakerja,0,0.208,0.792,0.2732,Positive
The reduction in the amount of severance pay in the derivative regulations on the work law will guarantee that workers who have been dismissed will receive their rights on the sis,0.043,0.062,0.895,0.1531,Positive
This work copyright paper on permits foreign investment is good for motivating the nation's children to work,0,0.289,0.711,0.7269,Positive
The reduction in the amount of severance pay in the derivative regulations on the work law will ensure that workers who are terminated victims get their rights,0.122,0.086,0.792,-0.0258,Neutral
"Thanks to the creation of work, there will be more and more customary lands that will be plundered by capitalists and state projects.",0,0.192,0.808,0.6124,Positive
Ketum Golkar hopes that the implementation of work copyright will be accelerated,0,0.203,0.797,0.4215,Positive
still and the part of guarding the work copyright and technical derivatives of PP Perpres etc. is certain and still has an impact on,0,0.084,0.916,0.2732,Positive
We all want Indonesia to be free from the trap of a middle -income country,0.128,0.257,0.615,0.3182,Positive
"In the work copyright law, the minimum wage is not removed from advanced Indonesia",0.118,0,0.882,-0.1877,Negative
work to restore advanced Indonesian national economy,0,0.457,0.543,0.4939,Positive
work creation law makes it easier for Indonesian investment to go forward,0,0.329,0.671,0.5994,Positive
assalim talk about the damage to the derivative of work copyrights about the alleged dangers of investment management institutions LPI,0.262,0,0.738,-0.7506,Negative
"Wrong sir, it is precisely the work creation to prioritize workers living a life worthy of precepts",0.147,0.237,0.616,0.2263,Positive
which is definitely bang out it's all just pks amp democrats who firmly reject uu omnibuslaw,0.139,0.139,0.722,0,Neutral
dr arim revealed that the root of the problem of alcohol is not a perpres and work law but a capitalist economic system because alcohol exists,0.074,0,0.926,-0.2144,Negative
ida fauziyah emphasized that the government is trying to accommodate all the interests of labor stakeholders in issuing the uu,0,0.095,0.905,0.25,Positive
This is the difference between a labor copyright rpp and the labor law. No wonder many unions reject the rule,0.224,0,0.776,-0.5994,Negative
